{
  "title": "Наши сотрудники",
  "blocks": [
    {
      "photo-link": {
        "href": "/"
      },
      "img": {
        "src": "http://lorempixel.com/100/100/cats",
        "alt": "Image ALT #1"
      },
      "name": {
        "anchor": "Борис Борисов",
        "href": "/"
      },
      "position": "Специалист со стажем",
      "text": "Многолетний опыт работы  - это всегда хорошо. С радостью берётся за любую работу вне зависимости от её пользы.  'Работает непокладая рук' - это точно про него.",
      "title-hours": "Часы приема:",
      "phone": "+7 999 000 00 00",
      "mail": "bob.gubkin@bg.gov.uk",
      "nested-link": {
        "anchor": "Подробнее",
        "href": "/"
      }
    },
    {
      "photo-link": {
        "href": "/"
      },
      "img": {
        "src": "http://lorempixel.com/100/100/cats",
        "alt": "Image ALT #1"
      },
      "name": {
        "anchor": "Борис Борисов",
        "href": "/"
      },
      "position": "Специалист со стажем",
      "text": "Многолетний опыт работы  - это всегда хорошо. С радостью берётся за любую работу вне зависимости от её пользы.  'Работает непокладая рук' - это точно про него.",
      "title-hours": "Часы приема:",
      "phone": "+7 999 000 00 00",
      "mail": "bob.gubkin@bg.gov.uk",
      "nested-link": {
        "anchor": "Подробнее",
        "href": "/"
      }
    },
    {
      "photo-link": {
        "href": "/"
      },
      "img": {
        "src": "http://lorempixel.com/150/150/cats",
        "alt": "Image ALT #1"
      },
      "name": {
        "anchor": "Борис Борисов",
        "href": "/"
      },
      "position": "Специалист со стажем",
      "text": "Многолетний опыт работы  - это всегда хорошо. С радостью берётся за любую работу вне зависимости от её пользы.  'Работает непокладая рук' - это точно про него.",
      "title-hours": "Часы приема:",
      "phone": "+7 999 000 00 00",
      "mail": "bob.gubkin@bg.gov.uk",
      "nested-link": {
        "anchor": "Подробнее",
        "href": "/"
      }
    },
    {
      "photo-link": {
        "href": "/"
      },
      "img": {
        "src": "http://lorempixel.com/100/120/cats",
        "alt": "Image ALT #1"
      },
      "name": {
        "anchor": "Борис Борисов",
        "href": "/"
      },
      "position": "Специалист со стажем",
      "text": "Многолетний опыт работы  - это всегда хорошо. С радостью берётся за любую работу вне зависимости от её пользы.  'Работает непокладая рук' - это точно про него.",
      "title-hours": "Часы приема:",
      "phone": "+7 999 000 00 00",
      "mail": "bob.gubkin@bg.gov.uk",
      "nested-link": {
        "anchor": "Подробнее",
        "href": "/"
      }
    }
  ],
  "full-link": {
    "anchor": "Посмотреть других сотрудников",
    "href": "/"
  }
}
